text,true_label,true_label_name,predicted_label,predicted_label_name,correct
should the american people feel disturbed that a former top general says that?,4,Dodging,7,Implicit,0
why are you trying so hard in your first year to pull the country so far to the left?,4,Dodging,3,Deflection,0
how do you feel about the planned protests in london and elsewhere during your trip to the u.k.?,5,Explicit,8,Partial/half-answer,0
whats a scam?,4,Dodging,6,General,0
do you smoke alone or in the presence of other people?,4,Dodging,7,Implicit,0
concrete pathway for holding japan-north korea summit and whether president trump was asked to raise the abduction issue at the u.s.-north korea summit meeting.,6,General,5,Explicit,0
what is the deadline for china to make progress on trade before imposing tariffs on the remaining 325 billion in goods?,3,Deflection,5,Explicit,0
agreement with adding seats to the supreme court,5,Explicit,5,Explicit,1
will the border be thicker or thinner?,1,Clarification,0,Claims ignorance,0
your election this year?,5,Explicit,3,Deflection,0
"hi, sir, emily goodwin with the dailymail.com. i was wondering, do you think justice was served in the harvey weinstein case?",0,Claims ignorance,6,General,0
sense of troop acceptance,0,Claims ignorance,2,Declining to answer,0
would you rule it out forever that you would never consider it?,4,Dodging,7,Implicit,0
"what do you say to those critics who argue youre undermining mail-in voting, which a lot of people need?",3,Deflection,3,Deflection,1
does the president think the democratic party would benefit from new leadership in congress?,6,General,6,General,1
who will sign the agreement?,4,Dodging,2,Declining to answer,0
"if so, what could be done to make up for the losses in the past, in the last 2 years of your presidency?",4,Dodging,3,Deflection,0
or was it right in front of that?,7,Implicit,2,Declining to answer,0
how does the u.s. see brazils intention to incentivize relations with china?,4,Dodging,7,Implicit,0
how would a staged withdrawal of troops from iraq next year affect the positive view expressed today?,4,Dodging,5,Explicit,0
"how are you doing, sir?",4,Dodging,1,Clarification,0
"long term, do you think that there is a need for electoral college reform that would tie it to the popular vote?",4,Dodging,3,Deflection,0
under what exact conditions would you be walking away from that summit?,6,General,2,Declining to answer,0
when the issue will be fixed,4,Dodging,6,General,0
"if so, what should the government do?",5,Explicit,4,Dodging,0
"but in terms of criticism that youre, sort of, supporting a dictator instead of an american vice president?",3,Deflection,3,Deflection,1
do you believe its all politics?,5,Explicit,4,Dodging,0
"prime minister, is it a problem for you that some of the things mr. trump has said about your brexit plan are right? it will limit the possibilities of doing trade deals easily in the future. can you also tell us how it felt for him to criticize you in the way he did in that interview?",8,Partial/half-answer,4,Dodging,0
"do you have specific goals and objectives that, in your mind, would meet the criteria of sustainability?",3,Deflection,4,Dodging,0
is she still on your shortlist?,5,Explicit,3,Deflection,0
potential impact on peace negotiations,0,Claims ignorance,3,Deflection,0
contacts with other leaders in the middle east,5,Explicit,1,Clarification,0
what did you discuss during your meeting with prime minister manmohan singh?,4,Dodging,1,Clarification,0
what did president bolsonaro say about president trumps view on the chinese presence in brazil?,4,Dodging,4,Dodging,1
willingness to talk directly with iran and syria at the meeting,3,Deflection,6,General,0
should the police be allowed to use nonlethal force to quell the violence in their cities?,1,Clarification,4,Dodging,0
almost everyone in the rose garden is wearing a mask today. why havent you required everyone at the white house to wear masks before now?,4,Dodging,1,Clarification,0
and what about yourself and congress?,6,General,8,Partial/half-answer,0
whats your message to them?,7,Implicit,3,Deflection,0
assumption about the presidents stance on the surtax on millionaires.,5,Explicit,2,Declining to answer,0
"what kind of shift would there be in president bidens policy regarding human rights issues and a free and peaceful korean peninsula, and what specific solutions does he have in this regard?",4,Dodging,6,General,0
wouldnt this be more effective than a vaccine and help schools and the economy?,5,Explicit,6,General,0
does your offer to negotiate with them on issues like health care still stand?,7,Implicit,7,Implicit,1
concerns about potential changes in british policy on iraq with prime minister tony blair stepping down.,3,Deflection,2,Declining to answer,0
did that happen to you?,5,Explicit,4,Dodging,0
would that not have sent a strong message about there being a very close level of cooperation between the two governments?,4,Dodging,7,Implicit,0
inquiring about the presidents willingness to provide further explanation.,1,Clarification,2,Declining to answer,0
"why didnt you argue that marriage is a right available to all people of this country, considering your position on gay marriage?",5,Explicit,2,Declining to answer,0
can the president go around congress and decide how money is collected and spent?,7,Implicit,3,Deflection,0
"does the lack of clear procedures for handling captured terrorists increase the risk of american forces being more inclined to kill them in the field rather than capturing them alive, which would deprive the u.s. of potential intelligence?",7,Implicit,3,Deflection,0
"how can you bridge the gap between wanting the sanctions completely off and wanting more on denuclearization, between now and the next time you might sit down with him?",6,General,3,Deflection,0
"president obama, could you confirm whether the blind chinese dissident chen guangcheng is under u.s. protection in beijing? and how do you foresee that situation being resolved? would the united states grant him asylum if he asked for it?",2,Declining to answer,3,Deflection,0
"in the wake of how these letters were used, do you still have confidence in attorney general gonzales and fbi director mueller?",5,Explicit,5,Explicit,1
did the capture of mr. libi comply with international law?,6,General,1,Clarification,0
"may i have one follow-up, sir?",5,Explicit,1,Clarification,0
how should americans prepare for this virus?,7,Implicit,4,Dodging,0
the significance of president bushs visit in relation to the decision-making process,7,Implicit,4,Dodging,0
asking for the presidents response to mitt romneys criticisms and what he would like to say to mr. romney.,3,Deflection,8,Partial/half-answer,0
the emergency phone call,4,Dodging,2,Declining to answer,0
what is the amount of u.s. aid to egypt?,5,Explicit,0,Claims ignorance,0
did you support israels strike in 1981 on the iraqi reactor outside baghdad?,0,Claims ignorance,5,Explicit,0
how will we still create jobs?,6,General,7,Implicit,0
inclination towards pulling the troops out.,1,Clarification,4,Dodging,0
could you explain what you meant?,5,Explicit,4,Dodging,0
have you been negotiating with congress?,6,General,5,Explicit,0
what are your thoughts on the maintenance of the kaesong industrial complex?,7,Implicit,4,Dodging,0
what was his response?,4,Dodging,4,Dodging,1
do you see yourself as the underdog in this race?,5,Explicit,3,Deflection,0
can you define what you mean by diplomacy?,4,Dodging,4,Dodging,1
what are the limits of the presidents power according to their legal advisers?,5,Explicit,6,General,0
have you put forward a new nomination yet?,6,General,7,Implicit,0
can you get that done by august?,6,General,7,Implicit,0
what about in the white house?,6,General,2,Declining to answer,0
elaborate on the options and various ways discussed with chairman kim to advance denuclearization.,3,Deflection,3,Deflection,1
can you be more specific as to which day next week youll be unveiling your iraq policy?,5,Explicit,6,General,0
confidence in passing a certain policy in the first year of an administration.,8,Partial/half-answer,4,Dodging,0
will you suggest to him stopping military exercises in the baltic states?,6,General,6,General,1
where is this all headed?,6,General,6,General,1
do you feel the same way about epa regulating carbon emissions?,3,Deflection,5,Explicit,0
"if donald trump does win, what will you say to the american people?",5,Explicit,3,Deflection,0
possibility of north korea and u.s. relations being like u.s. and vietnam relations in the future.,1,Clarification,1,Clarification,1
the presidents behavior during the meeting with the russian president.,5,Explicit,1,Clarification,0
who should lead your party?,4,Dodging,4,Dodging,1
"if you think youve made a terrible mistake and believe the war is destined to end badly, what do you do?",4,Dodging,4,Dodging,1
whether politics and considerations around the election will interfere in the science of vaccine development?,5,Explicit,6,General,0
did the president raise this issue with the prime minister during their meeting this morning?,6,General,3,Deflection,0
the concern that current efforts are not enough to address the climate crisis and the request for a message to those worried about the situation.,5,Explicit,2,Declining to answer,0
do you still have full confidence in your attorney general?,4,Dodging,2,Declining to answer,0
how are you going to bridge that gap?,4,Dodging,6,General,0
whats your thinking?,4,Dodging,3,Deflection,0
are you concerned that the kind of involvement seen in this years campaign will become the new normal in future u.s. elections?,5,Explicit,4,Dodging,0
"is it possible you got it wrong? would you share, at this point, those slightly more reflective sentiments? and in particular, should you, in retrospect, perhaps have concentrated a little more on afghanistan?",7,Implicit,3,Deflection,0
"do you believe china is preparing, intending to invade taiwan at some point?",5,Explicit,7,Implicit,0
did you ask the u.s. ambassador in brazil to focus his efforts in eliminating ethanol tariffs in brazil?,5,Explicit,5,Explicit,1
is her past on marijuana a liability?,3,Deflection,3,Deflection,1
president trumps opinion on the threat posed by russia to the region.,5,Explicit,5,Explicit,1
how can we come up with something that satisfies the concerns raised regarding the framework agreement?,6,General,5,Explicit,0
"for the 15,000 migrants that canada will welcome, why so few? what has canada offered to the u.s. in exchange?",8,Partial/half-answer,1,Clarification,0
why wont you allow the photos from the guards?,3,Deflection,5,Explicit,0
why is tanzania and africa in general so important now?,5,Explicit,4,Dodging,0
asking for the date when the relief will be in the hands of americans in need.,6,General,5,Explicit,0
should u.s. schools be preparing for a coronavirus spreading?,5,Explicit,6,General,0
what warnings did you issue to president xi if he were to take such action?,6,General,5,Explicit,0
"can you get at the microphone, sir?",5,Explicit,4,Dodging,0
"in the absence of a new agreement, are you prepared to use military force to rein in the nuclear program in iran?",2,Declining to answer,8,Partial/half-answer,0
what did you hope that that would accomplish?,5,Explicit,4,Dodging,0
mr. presidents opinion on russias pressure and threats at nato concerning missile defense and the membership action plans of ukraine and georgia,3,Deflection,5,Explicit,0
did you make any representations to the president that you would break with al sadr? and could your government survive such a break?,3,Deflection,8,Partial/half-answer,0
should the nhs be on the table?,1,Clarification,1,Clarification,1
what do you say to americas allies who worry that you might be treating our historic friends as enemies?,3,Deflection,3,Deflection,1
what will you tell president putin about nato?,3,Deflection,2,Declining to answer,0
whether iran is learning a lesson from north koreas experience.,7,Implicit,0,Claims ignorance,0
is there still a chance for what you called a course correction before europeans make some of their choices?,6,General,4,Dodging,0
how many figures?,4,Dodging,0,Claims ignorance,0
betrayal by scott mcclellans assessment of the war in iraq,2,Declining to answer,3,Deflection,0
whether calling it a civil war would make it difficult to argue that were fighting the central front of the war on terror there.,4,Dodging,3,Deflection,0
"regardless, do you think the destruction of the tapes was a responsible thing to do?",2,Declining to answer,5,Explicit,0
is it pretty much a do-or-die by the august recess?,7,Implicit,0,Claims ignorance,0
were you premature in saying that the u.s. economy is not in a recession when food and energy prices are soaring so high?,3,Deflection,0,Claims ignorance,0
what is the current status or progress of direct talks?,2,Declining to answer,0,Claims ignorance,0
does the criticism and opposition also make it harder for the u.s. to persuade other g-20 partners to support its goals?,3,Deflection,7,Implicit,0
would you like to see this over quickly?,2,Declining to answer,3,Deflection,0
were you influenced at all by john mccain and lindsey graham accusing you of being timid and weak?,3,Deflection,8,Partial/half-answer,0
are you worried that comments like donald trumps could erode the publics faith in the outcome of the election?,7,Implicit,8,Partial/half-answer,0
did the subject of japans role in its defense and potential purchase of military equipment from the u.s. come up in the discussion?,7,Implicit,5,Explicit,0
will you take foreign money for this?,5,Explicit,5,Explicit,1
where do you stand on iraq and your domestic debate on iraq?,5,Explicit,3,Deflection,0
why isnt this a good time to consider a hike in the federal gas tax?,4,Dodging,4,Dodging,1
do you think these womenall three of themare liars? yes or no?,0,Claims ignorance,0,Claims ignorance,1
or are you saying you have not made the decision yet to levy those sanctions?,7,Implicit,4,Dodging,0
specific steps to reduce energy dependence on russia,5,Explicit,5,Explicit,1
the dilemma of being a nobel peace prize winner and preparing to attack syria.,5,Explicit,3,Deflection,0
asking for the presidents understanding of peoples perception of legitimizing a regime and oppressing its people by meeting and shaking hands with the leader of north korea.,4,Dodging,0,Claims ignorance,0
should the u.s. engagement--renewed engagement be seen in any way as a counterbalance to a rising china?,3,Deflection,5,Explicit,0
will you take your case to the united nations?,5,Explicit,1,Clarification,0
"if people are wrong, why are they wrong?",5,Explicit,5,Explicit,1
how would you describe it diplomatically?,5,Explicit,4,Dodging,0
". crucially, what happens if the u.k. does decide in june to leave the european union?",7,Implicit,3,Deflection,0
"isnt that what the voters elected them to do, in november?",5,Explicit,7,Implicit,0
will you disclose the contributions as they come in?,5,Explicit,5,Explicit,1
presidents consideration of a more flexible measure to be taken against north korea if provocations continue,7,Implicit,7,Implicit,1
"by your own measure, does that mean that your government has been incompetent?",5,Explicit,6,General,0
"are you worried that if russia does come to the g-7, that it might hurt you politically, because its only going to be a couple months before the 2020 election?",5,Explicit,5,Explicit,1
the expectation of human rights in hong kong being part of the discussion for the phase two china trade deal.,5,Explicit,3,Deflection,0
whats your complaint about how the nsa and cyber command have done their job? and are you considering firing admiral mike rogers?,4,Dodging,3,Deflection,0
inquiring about the possibility of taking executive action to extend or reinstate expired unemployment benefits if congress doesnt reach a deal by the end of the week.,5,Explicit,2,Declining to answer,0
addressing the tension between accomplishing big things and unifying the country.,6,General,1,Clarification,0
bashar al-asads actions in syria and the call for air strikes,4,Dodging,2,Declining to answer,0
do you think the trend is a good one or a bad one?,5,Explicit,5,Explicit,1
what does it say about the state of democracy in russia that he has made his intentions to become prime minister clear?,6,General,4,Dodging,0
has the white house been involved in those negotiations?,5,Explicit,3,Deflection,0
filibuster,5,Explicit,4,Dodging,0
"president bush, 2008 will welcome the opening up of livestock and agriculture matters. sir, is there a possibility of renegotiating or, perhaps, leave it for a later date this negotiation of this part of the trade agreement because of the complaints of mexican producers?",5,Explicit,3,Deflection,0
can i ask a follow-up question?,5,Explicit,5,Explicit,1
seeking permission to proceed,5,Explicit,5,Explicit,1
has the united states of america lost its influence in the world?,7,Implicit,5,Explicit,0
how do you realistically and physically keep these families from coming to the u.s. when things will not get better in their countries right away?,6,General,3,Deflection,0
are you okay with postmaster general dejoy asking former employees at his private company to make donations to the gop and then reimburse them?,0,Claims ignorance,7,Implicit,0
were you taken to the bunker?,5,Explicit,5,Explicit,1
what is your new years resolution?,5,Explicit,1,Clarification,0
will it end by the time you leave office?,7,Implicit,7,Implicit,1
"inquiry about the presidents comfort level with the timeline for the availability of the vaccine to the general public next summer, maybe even early fall.",4,Dodging,2,Declining to answer,0
"as president, isnt it your responsibility, since this is your postal service, to meet this critical need?",3,Deflection,5,Explicit,0
"no questions about iraq or afghanistan, sir?",4,Dodging,4,Dodging,1
did clinton lose because of the hacking?,4,Dodging,5,Explicit,0
response to the heads of the boston and dallas fed who said that the economy hasnt recovered strong enough because the country hasnt contained the virus.,5,Explicit,5,Explicit,1
strategy for getting immigration reform passed through congress,3,Deflection,7,Implicit,0
"what is president bidens message to the roughly 30,000 americans currently in ukraine? does he think they should leave the country?",4,Dodging,7,Implicit,0
"with all of the allegations that are coming out now about judge kavanaugh, was there an opportunity missed here to have investigators look into this and get some sort of clarity one way or the other?",3,Deflection,5,Explicit,0
how confident are you about finding those missing soldiers?,5,Explicit,3,Deflection,0
"concerns about the lack of communication between the interviewee and president xi of china, and the potential destabilization of the u.s.-china relationship.",5,Explicit,7,Implicit,0
"mr. president, will you indeed have to change your tone if youre to get things passed through congress after losing the house?",3,Deflection,7,Implicit,0
what about the compromise shift question?,5,Explicit,5,Explicit,1
is general kelly going to stay on?,7,Implicit,6,General,0
"are you rattled by this at all, mr. president?",7,Implicit,5,Explicit,0
opinion on whether convalescent plasma should be included as a treatment for coronavirus.,7,Implicit,4,Dodging,0
arguments made specifically by the questioner to president trump.,4,Dodging,4,Dodging,1
why should the american people then be comfortable with an american president asking a foreign leader for information about an american citizen?,3,Deflection,3,Deflection,1
do you think kevin mccarthy is probably right about republicans taking back the house?,8,Partial/half-answer,7,Implicit,0
"is it a correction or a crisis, in your view?",4,Dodging,2,Declining to answer,0
reorganization at the national security council,7,Implicit,5,Explicit,0
do you have to support the war to support the warrior?,5,Explicit,2,Declining to answer,0
do you think hillary clintons statement about the fbi directors announcement affecting the election outcome has any truth to it?,4,Dodging,0,Claims ignorance,0
can you clarify who has the authority and control over this issue?,5,Explicit,4,Dodging,0
whether the president will try to block that or allow them to have his tax returns,5,Explicit,2,Declining to answer,0
will you participate?,4,Dodging,1,Clarification,0
the guarantee that political considerations and ideological issues will play no role in the governments response to the virus.,3,Deflection,8,Partial/half-answer,0
would you consider any for a post?,4,Dodging,5,Explicit,0
does the increasing number of troops questioning their purpose in iraq come as a surprise to you?,4,Dodging,4,Dodging,1
confirming if both topics will be discussed.,5,Explicit,7,Implicit,0
briefing on the incident off the coast of california,2,Declining to answer,5,Explicit,0
what comments would you have regarding all these questions?,1,Clarification,5,Explicit,0
what actions will you take regarding north koreas missile tests?,6,General,1,Clarification,0
how do you feel about kenneth starr now?,5,Explicit,7,Implicit,0
whats your reaction?,7,Implicit,5,Explicit,0
do the tweets and do the statements by donald trump embolden russia?,6,General,4,Dodging,0
both?,1,Clarification,7,Implicit,0
expectations for further actions regarding fet√∂,5,Explicit,2,Declining to answer,0
has your administration spoken directly with him?,4,Dodging,8,Partial/half-answer,0
where is that?,2,Declining to answer,6,General,0
is the option being discussed considered a more likely outcome at this point?,4,Dodging,3,Deflection,0
what do you have to say about that?,6,General,4,Dodging,0
what is the roadmap to fight islamic radical terrorism?,7,Implicit,5,Explicit,0
asking about the timeline for the availability of the vaccine.,4,Dodging,8,Partial/half-answer,0
criticizing the g-20 summit for ignoring climate change and asking why the president thinks ignoring climate change is in the interest of the american people.,4,Dodging,8,Partial/half-answer,0
concerns about legitimizing president dutertes approach on the war on drugs.,5,Explicit,3,Deflection,0
why have you decided to visit africa on the last lap of your term?,5,Explicit,4,Dodging,0
why are outfits like blackwater above the law in iraq?,4,Dodging,4,Dodging,1
shouldnt we be having a vigorous debate about what could happen in the case of a middle east war in a way that we did not do before going into iraq?,6,General,3,Deflection,0
why is it appropriate for an american president to ask a foreign leader for information about a political rival?,3,Deflection,3,Deflection,1
what do you want?,4,Dodging,6,General,0
can the relationship between president macron and president trump be beneficial to france and europe?,5,Explicit,3,Deflection,0
are you worried that if you dont manage to pass voting rights legislation that your party is going to lose seats and possibly lose control of the house and the senate in 2022?,3,Deflection,3,Deflection,1
"would kimberly, don jr., and ivanka trump, who are very popular among indian americans, be campaigning on your behalf around the indian americans with your views on the india and u.s. relationship?",0,Claims ignorance,8,Partial/half-answer,0
next steps for u.s.-r.o.k. military drills.,4,Dodging,6,General,0
do you take responsibility for the lag in testing?,5,Explicit,5,Explicit,1
agreement with president putins statement regarding the absence of threats or scare tactics,5,Explicit,5,Explicit,1
"and if so, what is the u.s. doing to boost production of masks?",5,Explicit,3,Deflection,0
can you say whether youre considering additional economic or financial sanctions on north korea?,8,Partial/half-answer,7,Implicit,0
what is the security context with regard to whats happening to nafta and the fta with colombia?n- what is the security context after colombia carried out a military invasion in ecuador?,3,Deflection,6,General,0
will this be one of them?,2,Declining to answer,7,Implicit,0
why not 2 years ago?,7,Implicit,7,Implicit,1
how far can the relationship between greece and foreign financial institutions last?,5,Explicit,4,Dodging,0
does anyone else need to go in the chain of command?,7,Implicit,0,Claims ignorance,0
are you concerned about the lack of enthusiasm for the trans-pacific partnership in the u.s. congress and what that means for the deal in the end?,4,Dodging,7,Implicit,0
how did those impact your opinions on the allegations against judge kavanaugh?,6,General,4,Dodging,0
do you think its time for tough u.n. sanctions with real teeth?,5,Explicit,7,Implicit,0
"and, prime minister jansa, i would like to ask you on climate change, how do you rate the chances that in the following years there will be an agreement with the u.s. on this issue?",7,Implicit,8,Partial/half-answer,0
would you accept a political settlement with him involved as success from the american perspective?,8,Partial/half-answer,5,Explicit,0
can you speak to your experience?,4,Dodging,5,Explicit,0
is chavezs influence in the region overestimated or exaggerated?,4,Dodging,1,Clarification,0
why not just mandate that?,5,Explicit,3,Deflection,0
mentioning the actions of supporters in portland and asking if the president wants to condemn them.,7,Implicit,7,Implicit,1
the presidents efforts to turn the page on the previous administration and the skepticism about the sustainability of his america is back message.,4,Dodging,2,Declining to answer,0
can you comment on the investigations reported in the newspaper this morning about whether intelligence officials are altering assessments of the isil campaign to make them seem more positive?,7,Implicit,5,Explicit,0
did you discuss with president putin russias alleged meddling in the u.s. election during your meeting earlier today?,5,Explicit,5,Explicit,1
will you start negotiating with congress?,6,General,1,Clarification,0
nonothing else that might have worked?,7,Implicit,7,Implicit,1
have you been realistic about the strategy and whats possible?,5,Explicit,5,Explicit,1
what assurances do you have that providing f-16s wont escalate this war?,5,Explicit,4,Dodging,0
can you just give us a little more detail?,4,Dodging,7,Implicit,0
why havent we heard anything from you so far about the soldiers that were killed in niger?,3,Deflection,4,Dodging,0
is there a policy youd want to keep in place though?,5,Explicit,4,Dodging,0
have the chinese officials signaled any resistance to upcoming trade talks in response to how the virus is being handled?,5,Explicit,6,General,0
is chinas agreement to buy more agriculture products lopsided or is there more to it?,3,Deflection,0,Claims ignorance,0
what should be done specifically if north korea goes through with another nuclear test?,4,Dodging,4,Dodging,1
"how is that going to be achieved, mr. president?",5,Explicit,0,Claims ignorance,0
why did it take others to say it before youve been willing to acknowledge it to the world?,4,Dodging,7,Implicit,0
how does the increased u.s. military operations in africa square with the contention that america cannot be at war forever?,5,Explicit,6,General,0
should americans who are currently in ukraine leave the country?,5,Explicit,4,Dodging,0
"president bushs opinion on the possibility of a withdrawal of u.s. troops from iraq, whether partial or complete, and the possible timeframe for such a withdrawal.",5,Explicit,5,Explicit,1
why is he still on the run? can you tell the american people why usama bin laden is still on the run?,5,Explicit,5,Explicit,1
"why are you considering closing the border with mexico, since there are so many more cases here than there?",5,Explicit,1,Clarification,0
can you give us some figures on what youre changing to ramp up testing?,7,Implicit,5,Explicit,0
is the deputy national security adviser correct about it not being the intention to attack if congress doesnt approve it?,2,Declining to answer,3,Deflection,0
are you still confident that south korea and china will implement the full force of the u.n.-passed sanctions?,3,Deflection,7,Implicit,0
possible discussions about inspections to north koreas nuclear sites during negotiations.,1,Clarification,1,Clarification,1
is there a third summit in the works?,4,Dodging,5,Explicit,0
trust in health officials to provide good information.,5,Explicit,4,Dodging,0
the request made to president zelenskiy regarding vice president biden and his son hunter.,2,Declining to answer,3,Deflection,0
did you make any tangible progress in your meetings with him or with chinese president hu in finding a way to stop the bloodshed there?,6,General,8,Partial/half-answer,0
what specific steps do you need to see from china?,5,Explicit,5,Explicit,1
"will you sign an interim agreement with prime minister maliki on american operations in iraq, leaving it to your successor to do a more permanent agreement?",8,Partial/half-answer,6,General,0
"should there be more pressure internationally on pakistan, not just coming from the united states, but the world?",4,Dodging,5,Explicit,0
you dont like giving money?,5,Explicit,2,Declining to answer,0
"specifically, have you seen any success in your diplomatic strategy so far?",2,Declining to answer,4,Dodging,0
can you explain the discrepancy?,4,Dodging,5,Explicit,0
"will you try to block democrats from obtaining your tax returns, or will you allow them to have them?",3,Deflection,2,Declining to answer,0
or is this just a fact of life?,4,Dodging,0,Claims ignorance,0
are you planning on traveling to south america and other countries in the western hemisphere given chinas influence in the region?,3,Deflection,8,Partial/half-answer,0
is the deadline still in place?,5,Explicit,5,Explicit,1
do you feel like you could win in a state like ohio if you were running again for presidency?,6,General,5,Explicit,0
availability of time,7,Implicit,0,Claims ignorance,0
invitation to join a video summit with iran and other world powers.,0,Claims ignorance,5,Explicit,0
what did you want about biden?,3,Deflection,5,Explicit,0
how can the american people trust you on the pandemic when youre contradicting the head of the cdc in your own administration?,3,Deflection,3,Deflection,1
are you in talk with turkish government regarding this topic?,5,Explicit,6,General,0
. how much are you willing to give?,6,General,4,Dodging,0
what the president plans to do about it.,7,Implicit,3,Deflection,0
"wheres dr. fauci, dr. birx?",8,Partial/half-answer,7,Implicit,0
why cant the states try to do more?,3,Deflection,3,Deflection,1
what is the u.s. going to do about the perpetrators of the rwandan genocide who remain at large and are walking freely?,4,Dodging,6,General,0
confidence in secretary azar?,0,Claims ignorance,4,Dodging,0
why do you think that is?,4,Dodging,0,Claims ignorance,0
what if you meet president putin on this trip?,7,Implicit,4,Dodging,0
what the president has been saying to allies about how the next president of the united states can keep any promises made,5,Explicit,3,Deflection,0
do you deny the concept that your policies are taking the country in reverse?,5,Explicit,6,General,0
did you think you would be here 3 years after those first talks?,7,Implicit,3,Deflection,0
"personal, moral responsibility for the situation in aleppo",5,Explicit,5,Explicit,1
"where are they, sir?",7,Implicit,2,Declining to answer,0
are you confident that the oil price cap for russian exports would bring down prices for american drivers?,1,Clarification,5,Explicit,0
isnt it time to think about doing more?,7,Implicit,5,Explicit,0
have you had phone callsinaudible?,2,Declining to answer,2,Declining to answer,1
will the u.s. be willing to strengthen the sanctions and put pressure on north korea to move forward if the north korean leader is not willing to come to the table and take the required actions?,2,Declining to answer,7,Implicit,0
do you hope that amy coney barrett is watching as well?,5,Explicit,5,Explicit,1
charges in the breonna taylor case.,4,Dodging,4,Dodging,1
can i ask a question on the vaccine?,4,Dodging,5,Explicit,0
"what was the point of the fiscal commission? if there was a majority consensus and agreement on tax reform, entitlement reform, and bipartisan cooperation, why was the commissions recommendations shelved?",5,Explicit,7,Implicit,0
does the united states have a core national security interest in stopping the slaughter in syria or merely a strong moral desire to see the violence end?,5,Explicit,6,General,0
how deep will the economic recession be in the united states?,3,Deflection,6,General,0
"would you be prepared to talk to your predecessors, tony blair and gordon brown?",5,Explicit,8,Partial/half-answer,0
how do you feel about comparisons by some of your critics of this weeks scandals to those that happened under the nixon administration?,2,Declining to answer,3,Deflection,0
what will you say to other world leaders about your successor?,5,Explicit,4,Dodging,0
do you support what senate republicans have put forward?,5,Explicit,7,Implicit,0
definition of success.,3,Deflection,1,Clarification,0
do you think that the unemployment rate will still be north of 9 percent when you run for reelection?,4,Dodging,0,Claims ignorance,0
can i have a follow-up?,5,Explicit,1,Clarification,0
"in what way does calling kim jong un very talented reflect the knowledge of his actions such as killing family members, starving his own people, and being responsible for the death of otto warmbier?",5,Explicit,4,Dodging,0
"is it possible that, in expressing that so early, that you were too quick to rule out direct military intervention in this war?",5,Explicit,2,Declining to answer,0
voting by mail is a scam?,7,Implicit,6,General,0
why should house republicans take your statement of not negotiating on the debt ceiling seriously and believe that you will not back down in a last-minute scenario?,6,General,7,Implicit,0
is there anything else the administration is planning to do to get these new cases under control?,4,Dodging,7,Implicit,0
"is the election of two muslim womenone of them veiledto the house, which is making history, a rebuke of this message?",1,Clarification,1,Clarification,1
how do you plan to stop the country from careening from crisis to crisis as the leader of this country?,5,Explicit,6,General,0
"mr. president, what are your thoughts about a second round of direct payments to americans thats included in the house democratic bill?",8,Partial/half-answer,4,Dodging,0
how long do you think that it will take you to figure out whether hes serious about giving up hisinaudible?,6,General,5,Explicit,0
"did you establish a common vision, romania-united states, as regards the future of this region?",4,Dodging,4,Dodging,1
why have you decided to visit africa on the last lap of your term?,5,Explicit,4,Dodging,0
"what, if any, potential damage do you see to u.s.-china relations, considering that you need their support on dealing with iran and north korean nuclear issues?",5,Explicit,3,Deflection,0
"mr. president, tom bradby, itv news. quite a lot of people in the u.k. feel that your determination as a country to continue to push for the extradition of computer hacker and aspergers sufferer gary mckinnon is disproportionate and somewhat harsh. do you think it is time now to consider some leniency in this case?",2,Declining to answer,7,Implicit,0
"after removing north korea from the list, what means will remain for the united states to press north korea to resolve the abduction issue?",7,Implicit,5,Explicit,0
what ideas do you have for breaking this logjam going forward?,5,Explicit,6,General,0
what do you think china needs to do to ease tensions?,5,Explicit,6,General,0
"what kind of assurances could you give chancellor merkel with regard not only to ordinary german citizens, but to government memberssome of them sitting herethat they are not under u.s. surveillance anymore?",5,Explicit,8,Partial/half-answer,0
president bushs level of support for president uribe considering the involvement of paramilitary heads in drug trafficking.,3,Deflection,7,Implicit,0
are you going to be?,5,Explicit,6,General,0
asking for clarification on who inaudible,5,Explicit,4,Dodging,0
how will the economic recession in the united states affect mexico?n,5,Explicit,3,Deflection,0
"do you believe that countries, particularly western countries, that put huawei equipment in their 5g cores are at risk of national security?",2,Declining to answer,2,Declining to answer,1
prime ministers opinion on presidents statement about immigration damaging the cultural fabric of europe.,6,General,7,Implicit,0
did you press king abdallah about it personally?,0,Claims ignorance,5,Explicit,0
"are you saying, sir, that al qaida in iraq is the same organization being run by usama bin laden himself?",7,Implicit,4,Dodging,0
"will there be a third summit, mr. president?",4,Dodging,5,Explicit,0
"how do you respond to chinas criticism of the u.s. pursuing what china says is a one-sided, selfish agenda in asia that risks regional peace?",6,General,4,Dodging,0
do you think the recent actions on russia should view those sanctions as leverage?,6,General,4,Dodging,0
. is the net effect of what you tweeted this morning and what youre talking about now to cast doubt on the results of the november 3 election?,7,Implicit,7,Implicit,1
are you worried that the political instability in the u.s. will cause issues in the alliance in the future?,5,Explicit,6,General,0
are you worried about the u.s. troops in south korea now?,5,Explicit,7,Implicit,0
what can you say about dmitry medvedev?,0,Claims ignorance,4,Dodging,0
"and to you, president, is the franco-american relationship the privilege, the priority number-one relationship in the transatlantic context?",5,Explicit,3,Deflection,0
"for people who think that this is just another go-around, why will this time be any different?",6,General,0,Claims ignorance,0
it sounds like youre moving closer to eliminating the filibuster. is that correct?,2,Declining to answer,6,General,0
is he open to more economic freedom?,6,General,8,Partial/half-answer,0
request for clarity on the thinking about the attorney general after the midterms.,2,Declining to answer,2,Declining to answer,1
how do you plan to course-correct going forward?,4,Dodging,6,General,0
doubts about the effectiveness of sanctions in deterring putin and why the threat of new sanctions would make him pause.,7,Implicit,4,Dodging,0
are all bets off?,5,Explicit,5,Explicit,1
does kim jong un need to change this situation?,4,Dodging,5,Explicit,0
why is the postal service dismantling mail-sorting machines?,7,Implicit,0,Claims ignorance,0
isnt there a responsibility by both the president and congressional leadership to work on this common ground before it gets to a veto?,5,Explicit,7,Implicit,0
how can you say that the markets are strong?,4,Dodging,4,Dodging,1
development of nuclear weapons.,2,Declining to answer,4,Dodging,0
do you still intend to try to hold an in-person g-7 meeting in the united states at some point in august and september?,5,Explicit,3,Deflection,0
mr. putins role as a disrupter of nato and the united states,4,Dodging,7,Implicit,0
orders issued on a specific day.,5,Explicit,2,Declining to answer,0
what is the presidents reaction to what happened in the senate?,5,Explicit,1,Clarification,0
how persuasive did you find the europeans and canadians when they made the case to you that you shouldnt use national security as a justification for tariffs?,4,Dodging,5,Explicit,0
"are you worried about the meeting between president putin and kim jong un, if that could mean russia has more gains in the war in ukraine?",4,Dodging,3,Deflection,0
is there a possibility of a stalemate in the war?,7,Implicit,6,General,0
would you strongly discourage israel from going after iran militarily?,3,Deflection,2,Declining to answer,0
whats next in addressing the issue of empathy or the lack thereof in the midst of heated political rhetoric?,6,General,3,Deflection,0
"if there were an alternative, would you want those tires swapped out?",5,Explicit,5,Explicit,1
opinion on government killing a journalist in a specific fashion.,5,Explicit,7,Implicit,0
what is happening with the wildfires?,6,General,1,Clarification,0
"are the sanctions that chancellor scholz and the eu are working on, along with the u.s., already finalized or is there still ongoing work?",4,Dodging,8,Partial/half-answer,0
could i go back to the issue of debt privatization?,5,Explicit,0,Claims ignorance,0
advice for successors staff picks,8,Partial/half-answer,5,Explicit,0
what does a proportional response look like to the sony hack?,5,Explicit,1,Clarification,0
why are americas health insurance plans and bluecross blueshield wrong in their claim that a government health insurance plan would dismantle private insurers?,7,Implicit,6,General,0
do you see yourself using executive power to get some of your immigration agenda done?,5,Explicit,3,Deflection,0
do you think that north korea has fundamentally changed from being a member of the axis of evil a few years ago?,5,Explicit,5,Explicit,1
"what evidence can you present to the american people that the people who attacked the united states on september the 11th are, in fact, the same people who are responsible for the bombings taking place in iraq?",5,Explicit,3,Deflection,0
"if he does choose to cooperate, how would you ever trust him?",5,Explicit,4,Dodging,0
will the prison at guantanamo bay be open by the time the interviewer leaves office?,6,General,6,General,1
why have you not sort of called on americans to drive less?,5,Explicit,4,Dodging,0
status of insistence on united states not heading for a recession given latest economic data,7,Implicit,3,Deflection,0
how far are you willing to go?,5,Explicit,4,Dodging,0
as a leader who shares a border with russia - what more do you want to see done to deter putin?,4,Dodging,6,General,0
"do you think that there will be anyone else who leaves your cabinet after the election, sir?",4,Dodging,7,Implicit,0
is graham-cassidy still the plan?,5,Explicit,0,Claims ignorance,0
are you saying that you would be willing to shut the government down in september if it does not fully fund 25 billion worth of your border wall and also deliver all of the immigration priorities that you listed in your tweet?,7,Implicit,7,Implicit,1
concerns about losing support from matthew dowd and people like him,7,Implicit,7,Implicit,1
did you have a similar experience?,4,Dodging,4,Dodging,1
did the u.s. drop a nuclear weapon on hiroshima and nagasaki?,1,Clarification,8,Partial/half-answer,0
request for permission to ask a follow-up question.,6,General,5,Explicit,0
message for young men of america,4,Dodging,4,Dodging,1
pledge not to accept foreign assistance in the upcoming election.,8,Partial/half-answer,4,Dodging,0
would you like to see the australian navy participate directly in the united states navys freedom-of-navigation sail-throughs through disputed areas?,5,Explicit,5,Explicit,1
do you still view him as a credible leader in the fight against terrorism?,3,Deflection,7,Implicit,0
"when, in your guesstimation, will this country see a turnaround as relates to the softening economy?",4,Dodging,8,Partial/half-answer,0
how will the u.s. help in pushing forward the agenda to transform the continent?,5,Explicit,6,General,0
"how do you ensure the long termor how do you define the long-term strategy partnership after 2017, or from 2017 onward?",7,Implicit,3,Deflection,0
can you specifically lay out the executive orders and other actions you can take to protect voting rights?,6,General,2,Declining to answer,0
do you understand those people?,5,Explicit,7,Implicit,0
do you care about it?,6,General,6,General,1
explanation of calling the leader of north korea open and honorable?,6,General,0,Claims ignorance,0
michael gove,0,Claims ignorance,8,Partial/half-answer,0
agreement with james clappers statement on the qadhafi regime prevailing in the long run.,3,Deflection,3,Deflection,1
will you pull out of the accord?,7,Implicit,7,Implicit,1
is the diplomatic show of force by russia just to prevent another land grab elsewhere?,4,Dodging,6,General,0
"given the results, who do you think speaks to the true voice of the american people right now, you or john boehner?",4,Dodging,7,Implicit,0
why did you lie to the american people?,4,Dodging,5,Explicit,0
can i ask about law and order?,4,Dodging,2,Declining to answer,0
the possibility of the war ending with putin still in power.,4,Dodging,6,General,0
boris johnson,5,Explicit,5,Explicit,1
your response to the fact that that happened and that schiff may have learned some of what the whistleblower knew prior to the complaint being filed?,5,Explicit,8,Partial/half-answer,0
"do you think that if there is a breach, nobody is going to blame you?",3,Deflection,6,General,0
requesting information about holder.,5,Explicit,0,Claims ignorance,0
"can you tell the country, sir, why you are content, with all the fanfare around this deal, to leave the conscience of this nation and the strength of this nation unaccounted for in relation to these four americans?",4,Dodging,3,Deflection,0
did president putin correctly predict that president obama would save him if he were drowning? and vice versa,5,Explicit,4,Dodging,0
do you believe that senator obamas comment on iraq was naive?,4,Dodging,5,Explicit,0
commitment to have no u.s. forces in afghanistan by may 2.,7,Implicit,4,Dodging,0
how long does he have to repair the damage?,4,Dodging,3,Deflection,0
what kind of hope can you offer to people who are in dire straits beyond your concern for economic problems and expectations for the stimulus checks?,6,General,3,Deflection,0
justify having an acting dni with no intelligence experience.,3,Deflection,0,Claims ignorance,0
are political motivations involved in the dismissal of u.s. attorneys?,5,Explicit,4,Dodging,0
was he invited?,0,Claims ignorance,0,Claims ignorance,1
can i ask one more question?,4,Dodging,5,Explicit,0
president trumps response to the request for a permanent base in poland,7,Implicit,6,General,0
what were the consequences that the president threatened?,7,Implicit,0,Claims ignorance,0
requesting information about the potential effects of the united states not stepping up its involvement in syria and asking about the plans to react to the bombing of reyhanli.,3,Deflection,4,Dodging,0
did you commit with chairman kim to a next summit during your term?,5,Explicit,5,Explicit,1
would you support an investigation?,5,Explicit,2,Declining to answer,0
what do you think africa must do to transform itself?,5,Explicit,6,General,0
should the u.s. remain part of the wto?,6,General,6,General,1
"regarding the action plan to strengthen the effect of extended deterrence, the question asks about the specific discussions had and whether both sides saw eye to eye on this plan.",3,Deflection,6,General,0
"what is your perspective, mr. president, on the reform presented by president calderon in mexico?",7,Implicit,5,Explicit,0
are you trying to discourage mail-in voting?,5,Explicit,5,Explicit,1
"how realistic do you think the hopes for peace between israel and palestinians are now, given the likelihood of a prime minister whos not fully signed up to a two-state solution and a foreign minister who has been accused of insulting arabs?",6,General,1,Clarification,0
youve said you can beat trump again. do you think youre the only one?,5,Explicit,5,Explicit,1
would you still do it if the room was empty?,3,Deflection,7,Implicit,0
demands to the united states congress on immigration,3,Deflection,3,Deflection,1
comfort level with homeland security secretarys statement,3,Deflection,7,Implicit,0
military response,5,Explicit,2,Declining to answer,0
should the filibuster be abolished?,7,Implicit,6,General,0
anger towards congress,5,Explicit,4,Dodging,0
does the person rule out the possibility that she was fired?,0,Claims ignorance,3,Deflection,0
is that nonnegotiable,4,Dodging,4,Dodging,1
what would be your cautionary tale to your successor?,3,Deflection,4,Dodging,0
how large a list do you imagine this will be?,5,Explicit,6,General,0
changing demands in exchange for amnesty,3,Deflection,3,Deflection,1
did any good come out of president carters talks with hamas?,3,Deflection,5,Explicit,0
what should americans expect from congress as it relates to abortion rights after the midterms?,2,Declining to answer,7,Implicit,0
follow-up effects of setting up a permanent liaison office in seoul and pyongyang for the north korean nuclear issue.,7,Implicit,1,Clarification,0
do you think were winning?,5,Explicit,5,Explicit,1
what progress was made on the ukraine issue?,6,General,5,Explicit,0
are you hoping to speak to the families?,5,Explicit,5,Explicit,1
effectiveness in dealing with democrats on various issues,5,Explicit,3,Deflection,0
"where does diplomacy fit in, in terms of iran?",5,Explicit,4,Dodging,0
would the president support canceling the nord stream 2 pipeline?,5,Explicit,2,Declining to answer,0
will you help the people from the state department who have been blocked from coming forward to tell their story about the benghazi terror attack?,0,Claims ignorance,1,Clarification,0
what will the auto sector look like?,1,Clarification,1,Clarification,1
lack of access to the vaccine for young children under the age of 5.,5,Explicit,0,Claims ignorance,0
do you believe that this time it will be implemented?,6,General,6,General,1
wisdom of building a mosque near ground zero,7,Implicit,0,Claims ignorance,0
do you still believe that north korea is the most brutally oppressive regime on earth?,6,General,4,Dodging,0
"how can you be so certain that president-elect trump is unlikely to govern in a divisive way, considering that the first group of people hes chosen for top national security and law enforcement positions hold the same views that he espoused as a candidate?",5,Explicit,5,Explicit,1
setting a deadline for u.n. action on kosovo when would you like that deadline set?,3,Deflection,5,Explicit,0
what choice do you think the american people made last week?,3,Deflection,6,General,0
"assessing the current state of u.s.-china relationships after the presidents first 10 months in office, considering difficulties in diplomatic engagement, chinese military activities, and the potential for armed conflict.",5,Explicit,2,Declining to answer,0
"dont americans have a right to know about who is proliferating, especially when youre negotiating with north korea?",5,Explicit,2,Declining to answer,0
clarification,5,Explicit,2,Declining to answer,0
was your confidence in him not shaken by him walking away from the big deal he said he wanted?,4,Dodging,4,Dodging,1
do you really believe that joe biden will be on any type of performance-enhancing drug ahead of the debates?,5,Explicit,4,Dodging,0
did you say that your strategy is to push isis back?,6,General,7,Implicit,0
opinion on whether it might help or hinder the two-state solution.,1,Clarification,1,Clarification,1
what is the respondents view on what happened?,6,General,3,Deflection,0
are you going to notify congress of pulling out of nafta?,4,Dodging,6,General,0
why arent your doctors not with you here today?,4,Dodging,5,Explicit,0
"can you clarify, what did they commit to doing?",6,General,5,Explicit,0
are the reciprocal interests between president macron and president trump still valid today?,6,General,5,Explicit,0
"or put another way, does it bother you more to be accused of being an imperial president, pushing those limits?",4,Dodging,3,Deflection,0
can you say whether you yourself think that annexation should be off the table for israel?,5,Explicit,5,Explicit,1
"are these bumps along the road, or are you seeing a deterioration in the relationship, based on the koran burning itself, the violence that has followed, that inhibits your ability to work out things like how to hand off the detention center?",6,General,6,General,1
or are you just joking?,5,Explicit,2,Declining to answer,0
whats going on in the housing market?,5,Explicit,6,General,0
"but delaying the election is probably a nonstarter. i mean, wouldnt you agree with that?",5,Explicit,3,Deflection,0
what are the consequences?,7,Implicit,2,Declining to answer,0
refusal to get testing up and running,5,Explicit,8,Partial/half-answer,0
what is the presidents response to mitt romneys economic advisers comment that his recommendations to europe reveal ignorance of the causes of the crisis and have the same flaws as his own economic policies?,2,Declining to answer,3,Deflection,0
energy consultations,4,Dodging,5,Explicit,0
confidence in representative tom marino to be drug czar.,6,General,4,Dodging,0
how far can the greek economy go with its reform programs without any discussion of debt relief?,7,Implicit,3,Deflection,0
how much can get done on monday,4,Dodging,4,Dodging,1
do you believe that intelligence?,8,Partial/half-answer,4,Dodging,0
do you think were winning?,5,Explicit,5,Explicit,1
were you simply not convinced that you could keep people safe at the convention?,5,Explicit,5,Explicit,1
why would she lie about that?,4,Dodging,2,Declining to answer,0
opinion on whether it is a good idea or a mistake.,1,Clarification,1,Clarification,1
advice for protestors against trumps rhetoric,7,Implicit,4,Dodging,0
closing chinese embassies in the united states,7,Implicit,0,Claims ignorance,0
"has congresss inability to do anything significant given you a green light to push the limits of executive power, even a duty to do so?",5,Explicit,3,Deflection,0
trust in instincts,7,Implicit,4,Dodging,0
short-term postponement possibility,2,Declining to answer,2,Declining to answer,1
what do you think about the future of afghanistan in view of this problem?,5,Explicit,3,Deflection,0
do you agree that the best thing for the approval in congress of the free trade agreement would be the victory in november of senator obama?,7,Implicit,7,Implicit,1
"if you do, how do you intend to use it?",7,Implicit,3,Deflection,0
what are the chances of achieving an agreement at sochi on missile defense?,0,Claims ignorance,4,Dodging,0
how important is fighting greenhouse gases to you?,5,Explicit,6,General,0
"what guarantees can president obama give to the people of eastern ukraine, the baltic states, moldova, and other countries that they will not be next in terms of russian annexation?",6,General,7,Implicit,0
did i get that right?,7,Implicit,4,Dodging,0
is he going to be here for the remainder of your term?,5,Explicit,6,General,0
"are you satisfied with your team here at the white house, sir?",5,Explicit,1,Clarification,0
inquiry about the us seeking julian assanges arrival to the united states.,4,Dodging,5,Explicit,0
motive behind the delay in embracing widespread testing,5,Explicit,5,Explicit,1
what about biden?,5,Explicit,4,Dodging,0
inquire about whether the person has talked about something with someone.,7,Implicit,5,Explicit,0
are you worried about losing momentum in venezuela?,3,Deflection,2,Declining to answer,0
will you take action on the border supplemental?,7,Implicit,5,Explicit,0
impact of people stopping traveling.,5,Explicit,1,Clarification,0
nato membership process,4,Dodging,7,Implicit,0
can you talk about whether you think its time to close the border with mexico?,5,Explicit,7,Implicit,0
is the figure of 200 million accurate?,0,Claims ignorance,2,Declining to answer,0
can you understand why marine commandant amos had the position he did?,4,Dodging,2,Declining to answer,0
can you guarantee the elimination of inflation?,5,Explicit,5,Explicit,1
will it bring down prices?,5,Explicit,7,Implicit,0
"why should the american people feel you have the vision for victory in iraq, sir?",7,Implicit,1,Clarification,0
or to be accused of being a do-nothing president who couldnt get anything done because you faced a dysfunctional congress?,6,General,5,Explicit,0
the role of south korea in improving the representation and advancement of women in a leading world economy.,4,Dodging,3,Deflection,0
did you get a flu shot?,5,Explicit,5,Explicit,1
why cant you say yes or no about the tapes and their destruction?,7,Implicit,3,Deflection,0
does the speaker have the power unilaterally to relax sanctions to implement an agreement?,3,Deflection,6,General,0
"what do you intend to say, sir, to president xi and to president putin when you meet with them later this month?",3,Deflection,7,Implicit,0
"mr. president, what you think has actually changed with the arrival of gordon brown instead of tony blair?",4,Dodging,5,Explicit,0
will people still receive 600 a week?,4,Dodging,2,Declining to answer,0
parents of a transgender girl in texas considering leaving the state and the country due to safety concerns.,5,Explicit,7,Implicit,0
"did they say anything against you, personally, mr. president?",0,Claims ignorance,4,Dodging,0
would you like the u.s. to export more oil and gas?,4,Dodging,8,Partial/half-answer,0
united nations economists warning about the potential interruption of the food supply during the pandemic.,7,Implicit,0,Claims ignorance,0
"to north korea, is there a possibility of u.s. military action?",4,Dodging,2,Declining to answer,0
would you consider an executive order on this?,5,Explicit,2,Declining to answer,0
is it correct that youre waiting for congress?,5,Explicit,3,Deflection,0
"should the nhs be on the table, sir?",1,Clarification,1,Clarification,1
can you give that to us?,5,Explicit,8,Partial/half-answer,0
response to suggestions that german reliance on russian gas limits europes options in responding to the crisis in ukraine,4,Dodging,8,Partial/half-answer,0
what is the reason for the presidents new refusal to negotiate on the debt ceiling and does this suggest a potential default situation due to lack of communication?,7,Implicit,2,Declining to answer,0
where is your line in the sand?,5,Explicit,8,Partial/half-answer,0
is president karzai correct in blaming pakistans intelligence services for the recent terrorist attack on afghanistan?,2,Declining to answer,4,Dodging,0
are you worried that she might be preempting your own efforts?,3,Deflection,7,Implicit,0
how can you lecture hamid karzai about corruption when so many of these corrupt people are on the u.s. payroll?,7,Implicit,5,Explicit,0
questioning the opinion on the current state of the banking system,5,Explicit,5,Explicit,1
have there been any preliminary discussions about meeting with president rouhani?,4,Dodging,1,Clarification,0
"if so, what else can government do to create jobs, which is the number-one issue?",4,Dodging,6,General,0
what do you say when you hear that businesses are not expanding due to uncertainty about the energy bill and healthcare?,7,Implicit,7,Implicit,1
"another round of trade talks with china, mr. president?",3,Deflection,7,Implicit,0
the impact of demonstrators on the image of chicago,7,Implicit,7,Implicit,1
should the government consider unraveling the abolition of the 10p rate due to a members upset and potential resignation?,4,Dodging,2,Declining to answer,0
ramifications for the u.k. if there is no deal.,3,Deflection,7,Implicit,0
inquiry about the affordability of new tax breaks considering the cost of the war on terrorism.,4,Dodging,5,Explicit,0
do you see busing as a viable way of integrating schools? does that relate to the policy youre going to unveil,8,Partial/half-answer,6,General,0
what about in the suburban districts?,3,Deflection,4,Dodging,0
frequency of communication with mr. mccarthy,5,Explicit,7,Implicit,0
are you worried about how your administration is running based on the e-mails indicating concerns at the office of management and budget and the attorney generals lack of knowledge about fast and furious?,6,General,2,Declining to answer,0
transparency on the coronavirus origins,5,Explicit,6,General,0
"regarding the issues of rockets and settlements that you mentioned before, what should - what could israel do regarding the ever-growing threat from gaza?",4,Dodging,4,Dodging,1
can you comment on the killing of taliban leader mullah mansur and on pakistans concern about that strike happening on its soil?,8,Partial/half-answer,3,Deflection,0
are you willing to accept any consequences for benchmarks in the war funding bill?,3,Deflection,6,General,0
"but isnt that an acknowledgment that youre limited in what you can do if youre relying on the fed to make decisions and youre unable to get a build back better proposal through, arent you simply limited in what you can do to deal with inflation?",4,Dodging,8,Partial/half-answer,0
"the u.s. has been slapping sanctions on russia for years for its malign activities, and russia has not stopped. so what specifically will you do differently to change vladimir putins behavior?",3,Deflection,6,General,0
are you concerned that the dollar is too strong?,4,Dodging,4,Dodging,1
can you today still assure the american people that the u.s. will be in charge for only a matter of several--a few more days?,6,General,7,Implicit,0
if you do not reach a deal with congress to set up a new cares act,6,General,7,Implicit,0
are you convinced that the collection of that data is useful to national security and should continue as it is?,8,Partial/half-answer,7,Implicit,0
"mr. president, do you intend or are you willing to sit down with kim jong un if americans are still being held in north korea? and will you insist on other tangible concessions from the north koreans in return for gestures like sending a potential future secretary of state to north korea?",6,General,5,Explicit,0
amount of technological improvements in the united states.,4,Dodging,7,Implicit,0
to what extent do you think china has the ability to talk north korea out of conducting such tests?,0,Claims ignorance,5,Explicit,0
do you regret any of those decisions?,4,Dodging,5,Explicit,0
how much of a threat is hugo chavez to the united states interests in the hemisphere?,4,Dodging,6,General,0
did you say that your strategy is to destroy isis?,6,General,7,Implicit,0
what about the nra?,6,General,2,Declining to answer,0
how does the departure of longtime advisers and the arrival of new ones change the dynamic in the white house?,4,Dodging,7,Implicit,0
will the united states intervene to support the dollar if current efforts to talk it up dont succeed?,3,Deflection,2,Declining to answer,0
. would closing loopholes instead of raising rates for the wealthiest satisfy you?,7,Implicit,2,Declining to answer,0
was the suspect armed?,5,Explicit,0,Claims ignorance,0
"1 mr. president, 2 years ago, you said that you were ready to expend political capital on the israel-palestinian situation. with hindsight, do you think youve fulfilled that intention?",7,Implicit,7,Implicit,1
do you think we may have already passed or be within a couple of years of passing the maximum oil pumping capability?,7,Implicit,7,Implicit,1
how can a guy who does that be your friend?,6,General,6,General,1
reassurances about tariffs on cars and auto parts in the future.,7,Implicit,7,Implicit,1
"if there is a second summit with chairman kim jong un, would it be in pyongyang or washington?",4,Dodging,5,Explicit,0
what are you prepared to do in response?,7,Implicit,4,Dodging,0
can you make any assurances before you leave office that you will make sure that those awards for the issues of cobell and pigford are funded?,6,General,2,Declining to answer,0
are there certain aspects that theyve put forward that you dont support?,5,Explicit,2,Declining to answer,0
what specific aspects do you expect to see with the economy on the proposals that will be coming later this week?,4,Dodging,3,Deflection,0
have you flatly ruled out opening a government investigation into the events around the release of the bomber?,7,Implicit,2,Declining to answer,0
"are you planning to go to moscow next spring, as president putin invited you?",5,Explicit,0,Claims ignorance,0
assessment of the future outlook of the vietnam-u.s. relationship.,5,Explicit,1,Clarification,0
"what can you tell the american people about his ability to rein in the militias, since he seems to derive much of his power from them?",4,Dodging,3,Deflection,0
did you convey that to him in your conversations?,5,Explicit,5,Explicit,1
did the video show the person and kim jong un on equal footing in discussing the future of the country?,3,Deflection,5,Explicit,0
"if the summit does go well, will you be inviting north korean leader kim jong un to the united states?",5,Explicit,0,Claims ignorance,0
what exactly do you mean by invasion?,5,Explicit,4,Dodging,0
when do you think that will happen?,5,Explicit,6,General,0
request for information about the video shown by the president,5,Explicit,5,Explicit,1
do you think that is something the next president needs to worry about?,4,Dodging,3,Deflection,0
will you tell president xi jinping of china that youre committed to defending taiwan militarily?,7,Implicit,8,Partial/half-answer,0
why were you so definitive?,7,Implicit,0,Claims ignorance,0
the three house committees that are looking into the impeachment inquiry gave notice today that they will be sending a subpoena to the white house for documents and other materials. will you cooperate with those subpoenas?,3,Deflection,1,Clarification,0
assurance on f-16 jets for turkey.,7,Implicit,3,Deflection,0
elaborate on the presidents demeanor and communication style.,5,Explicit,2,Declining to answer,0
clarification on what was told to bob woodward,3,Deflection,2,Declining to answer,0
how do you ensure that north korea will commit to denuclearization?,0,Claims ignorance,0,Claims ignorance,1
president bushs chances of passing the migration reform bill in congress.,7,Implicit,3,Deflection,0
trying to boost ones own brand,5,Explicit,1,Clarification,0
is that your expectation as well?,7,Implicit,4,Dodging,0
did they deserve to know?,4,Dodging,4,Dodging,1
whether the florida ministers threat to burn the koran puts american lives in danger,5,Explicit,5,Explicit,1
do you feel a kinship with him?,3,Deflection,5,Explicit,0
"why are you pitting americans against one another, sir?",4,Dodging,4,Dodging,1
support for the trans-pacific partnership tpp and campaigning for secretary clinton,4,Dodging,7,Implicit,0
"do you agree with what hillary clinton now says, that the hacking was actually partially responsible for her loss?",4,Dodging,7,Implicit,0
what is your message to russia about the poisoning?,4,Dodging,4,Dodging,1
do you have any response to the subpoena issued to your campaign for documents relating to sexual harassment allegations against you?,5,Explicit,4,Dodging,0
august 2 - yellow or red light?,6,General,7,Implicit,0
to what extent does chinas depressing of its currency affect your ability to grow jobs in this country and lower the unemployment rate?,3,Deflection,6,General,0
which governors have told you thatwhich governors have told you that they would sign onto it?,4,Dodging,4,Dodging,1
"do you think that they are putting together a real alliance, the chinese and the russians?",5,Explicit,8,Partial/half-answer,0
is it realistic to try to broker a cease-fire right now when there are still tunnel operations allowed to continue?,3,Deflection,7,Implicit,0
did you make that comment at his sons grave?,6,General,2,Declining to answer,0
when will the president meet mr. xi?,3,Deflection,5,Explicit,0
"what is germany willing to do specifically, in terms of implementing the sanctions already in place or taking further measures beyond those?",6,General,3,Deflection,0
what does the new normal look like?,4,Dodging,1,Clarification,0
withdrawal from u.s.-japan security treaty,5,Explicit,5,Explicit,1
request to ask a question before another individua,4,Dodging,5,Explicit,0
did you talk about the italian marine riflemen during your talks?,5,Explicit,4,Dodging,0
what action is the united states prepared to take if there is another confrontation with iranian ships in the strait of hormuz?,6,General,0,Claims ignorance,0
concern about ethics,5,Explicit,7,Implicit,0
does your willingness to go around the 30-day requirement signal a new urgency to close guantanamo now that youre ending combat operations in afghanistan?,7,Implicit,6,General,0
why do you call him your friend?,4,Dodging,4,Dodging,1
reconciliation of commuting mannings sentence with wikileaks connection to russias hacking in the last years election.,3,Deflection,0,Claims ignorance,0
re you going to continue to pursue executive actions if that creates more roadblocks for your legislative agenda?,7,Implicit,3,Deflection,0
"inquiry about the belief regarding the ability of iraq to defend, sustain, and govern itself by the time the person leaves office.",5,Explicit,3,Deflection,0
what do you mean by that?,7,Implicit,6,General,0
what is the content of this partnership so as to meet the goals of the region?,5,Explicit,3,Deflection,0
what percentage of those people do you believe are deserving of asylum in the u.s.?,2,Declining to answer,4,Dodging,0
what the president thinks about it and his message to people following this movement.,0,Claims ignorance,3,Deflection,0
inquiring about the timing of asking for the money and if it is motivated by making life easier for president-elect obama.,7,Implicit,8,Partial/half-answer,0
losing the free trade debate in the courts of public opinion,3,Deflection,7,Implicit,0
what happened with the peace process between israel and palestine?,4,Dodging,4,Dodging,1
will they be part of the mission?,5,Explicit,7,Implicit,0
or do they believe its necessary to impose the sanctions regardless of the cease-fire agreement?,7,Implicit,7,Implicit,1
"how can you get any agreement with congress on those big issues mentioned earlier, if you can get past raising the debt ceiling?",6,General,3,Deflection,0
you dont seem like you want to go ahead with the sanctions?,7,Implicit,6,General,0
what kind of middle east do you want to leave when you leave the white house in a year and a half?,7,Implicit,3,Deflection,0
"and on the stimulus part, we cant get people in the white house to say it is a stimulus--50 billion for roads and other infrastructure, but they avoid the word stimulus like the plague. is that because the original stimulus is so deeply unpopular? and if so, why is it so unpopular?",3,Deflection,3,Deflection,1
are you getting worried about losing momentum in venezuela?,4,Dodging,2,Declining to answer,0
"how do you ensure the benefits of free trade agreements, like the mentioned one, are widely shared?",4,Dodging,6,General,0
is syria included in something?,2,Declining to answer,6,General,0
why should the public trust you on this issue?,7,Implicit,4,Dodging,0
is the messaging of allowing children to stay in the country encouraging families like yossells to come?,3,Deflection,3,Deflection,1
does the person being addressed acknowledge that sanctions have not changed the behavior?,4,Dodging,3,Deflection,0
"how do you square your position that colonel qadhafi has lost legitimacy and must go against the limited objective of this campaign, which does not demand his removal?",4,Dodging,4,Dodging,1
what was the goal there?,5,Explicit,0,Claims ignorance,0
would you consider imposing sanctions against russia?,4,Dodging,4,Dodging,1
the potential impact of republicans taking control of the house,3,Deflection,2,Declining to answer,0
whats the big deal about having a short phone call with the president of taiwan?,7,Implicit,5,Explicit,0
financial resources needed to solve the credit crisis.,6,General,1,Clarification,0
can you perhaps give up on your threat to put sanctions on french wine?,4,Dodging,5,Explicit,0
inquiry about the us seeking julian assanges arrival to the united states,4,Dodging,5,Explicit,0
role in helping president-elect trump implement safe zones in syria,6,General,5,Explicit,0
have you learned more about the circumstances of sergeant bergdahls capture?,0,Claims ignorance,2,Declining to answer,0
how much longer are you willing to give the surge to work before considering a change in this policy?,5,Explicit,4,Dodging,0
are you worried that you might have regrets?,5,Explicit,4,Dodging,0
why havent you spoken to her?,5,Explicit,5,Explicit,1
is your relationship with mr. kim stronger than it is with trudeau?,7,Implicit,5,Explicit,0
what would extending an olive branch look like?,4,Dodging,1,Clarification,0
are you going to have that drink with mitch mcconnell now that you joked about at the white house correspondents dinner?,6,General,7,Implicit,0
"can you tell the american people, sir, what you were talking about when vice president biden mentioned a conversation the two of you had in the oval office?",0,Claims ignorance,5,Explicit,0
how concerned are you that the flawed rollout may hurt democrats chances in next years midterm elections?,4,Dodging,3,Deflection,0
does it have to have a sunset clause in it?,6,General,7,Implicit,0
how is the dynamic of frustration with the lack of political progress in iraq changing?,5,Explicit,3,Deflection,0
can you respond to my question?,2,Declining to answer,2,Declining to answer,1
will the united states recognize it?,2,Declining to answer,7,Implicit,0
how mexico will be prepared to receive migrants expelled from the united states and the purpose of the new migration center in the southern part of mexico.,7,Implicit,3,Deflection,0
does the deal meet your requirements in terms of national security concerns?,0,Claims ignorance,5,Explicit,0
why are you going so soft on musharraf?,7,Implicit,6,General,0
"f usmca doesnt pass through congress, is that it for nafta?",2,Declining to answer,3,Deflection,0
"have you worked with new u.s. business leaders at all to lobby congress to raise the debt ceiling? and if so, who are you talking to?",8,Partial/half-answer,7,Implicit,0
do you think it will change before you leave office?,6,General,7,Implicit,0
was this a hate crime?,5,Explicit,0,Claims ignorance,0
does the russian government have any compromising material on president trump or his family?,5,Explicit,3,Deflection,0
is that something that president trump supports?,5,Explicit,3,Deflection,0
do you now see kim jong un as an equal?,1,Clarification,4,Dodging,0
what message does it send that youre going to the olympics?,7,Implicit,3,Deflection,0
will you have more briefings with sarah sanders?,5,Explicit,1,Clarification,0
are you missing in action?,4,Dodging,4,Dodging,1
"when the french president was here a few weeks ago, after his talk with president obama, he said that trust as regards to the nsa discussion has been rebuilt. couldnt you say the same thing?",6,General,5,Explicit,0
what is the message to those who say the administration is overlooking the targeting of religious minorities and crackdown on dissent in prime minister modis country?,1,Clarification,6,General,0
do you believe in climate change?,4,Dodging,4,Dodging,1
was it never the loneliest office in the world for you?,5,Explicit,4,Dodging,0
confirmation of follow-up,5,Explicit,5,Explicit,1
